{"cameraMode":{"drawMode":0,"name":"Shaded","section":"Shading Mode"},"sceneLighting":true,"audioPlay":false,"sceneViewState":{"showFog":true,"showMaterialUpdate":false,"showSkybox":true,"showFlares":true,"showImageEffects":true,"showParticleSystems":true},"in2DMode":false,"pivot":{"x":-126.52983093261719,"y":48.6695442199707,"z":-108.11669921875},"rotation":{"x":0.022119911387562753,"y":0.4144706428050995,"z":-0.010077368468046189,"w":0.9097383618354797},"size":12.895217895507813,"orthographic":false}